University,Section,Voyant-Tools,HTML,Links v Corpus,UniAndSection,Length,percent of total,Sub sections,Vocabulary Density,Words Per Sentence,Theme1,Theme2,Theme3,Theme4,Theme5,Theme6,theme7
Algoma University,"Vision, Mission and Mandate",https://voyant-tools.org/?corpus=4d95b63806e2023bee54b5988d2bfcd2,<a href='https://voyant-tools.org/?corpus=4d95b63806e2023bee54b5988d2bfcd2'>Algoma University</a>,No research,"Algoma University: Vision, Mission and Mandate",695,7%,4,43%,77.2,regional,aboriginal,undergraduate ,transformative education,,northern,Anishinaabe
Algoma University,Student Experience,https://voyant-tools.org/?corpus=b01e6ef1d5d1718ac92331ae5f31c3d0,<a href='https://voyant-tools.org/?corpus=b01e6ef1d5d1718ac92331ae5f31c3d0'>Algoma University</a>,"Lots on Commons space, Co-Curricular Record #10",Algoma University: Student Experience,1170,12%,6,39%,27.9,encouragement,retention,co-curricular,learning,first-year,,
Algoma University,Innovation in Teaching and Learning Excellence,https://voyant-tools.org/?corpus=f2fc0173dd72871357aa76001b4c7c6c,<a href='https://voyant-tools.org/?corpus=f2fc0173dd72871357aa76001b4c7c6c'>Algoma University</a>,"opportunities #3, lots of co-op",Algoma University: Innovation in Teaching and Learning Excellence,1017,11%,5,40%,27.5,community,college pathway,opportunities,experiential ,,,
Algoma University,Access and Equity,https://voyant-tools.org/?corpus=8f9a04520bca8c04744a23cb1daa8dce,<a href='https://voyant-tools.org/?corpus=8f9a04520bca8c04744a23cb1daa8dce'>Algoma University</a>,"college (pathways) #5, specific indigenous: Anishinaabe ",Algoma University: Access and Equity,1076,11%,5,40%,25,northern,aboriginal,Anishinaabe,pathways,equitable access,,
Algoma University,Research Excellence and Impact,https://voyant-tools.org/?corpus=b13a6876ec08c5d8cb5e50225cdbb321,<a href='https://voyant-tools.org/?corpus=b13a6876ec08c5d8cb5e50225cdbb321'>Algoma University</a>,"community #5, northern #6, aboriginal #9",Algoma University: Research Excellence and Impact,1661,17%,9,353%,26,community,hub,northern,partnerships,Indigenous ,,
Algoma University,"Innovation, Economic Development and Community Engagement",https://voyant-tools.org/?corpus=61e30a7788ae3f01c6662408254c4a0c,<a href='https://voyant-tools.org/?corpus=61e30a7788ae3f01c6662408254c4a0c'>Algoma University</a>,"shingwauk (community) #3, residential (schools) #6, healing #11","Algoma University: Innovation, Economic Development and Community Engagement",1599,17%,4,38%,28.1,aboriginal ,region,Innovation Centre,,partnerships ,education,
Brock University,"Vision, Mission and Mandate",https://voyant-tools.org/?corpus=7202f88fe1f6142969c079426a1b1ee1,<a href='https://voyant-tools.org/?corpus=7202f88fe1f6142969c079426a1b1ee1'>Brock University</a>,Community #2,"Brock University: Vision, Mission and Mandate",691,8%,5,41%,36.4,community,health,Niagara,economic,,,
Brock University,Student Experience,https://voyant-tools.org/?corpus=4fedb22f7d328ec927e0d689a3c60a4f,<a href='https://voyant-tools.org/?corpus=4fedb22f7d328ec927e0d689a3c60a4f'>Brock University</a>,"carear #4, expereience #11",Brock University: Student Experience,719,8%,3,48%,30,students,career,experience, co-curriculum,community engagement,,
Brock University,Innovation in Teaching and Learning Excellence,https://voyant-tools.org/?corpus=5745d2dfea86d71cdebedcd729a2d28b,<a href='https://voyant-tools.org/?corpus=5745d2dfea86d71cdebedcd729a2d28b'>Brock University</a>,experiential #3,Brock University: Innovation in Teaching and Learning Excellence,800,9%,3,44%,26.7,learning outcomes,growth,experience,community,pathways,Flexible ,
Brock University,Access and Equity,https://voyant-tools.org/?corpus=6225c611bee5550e02b802451aea9429,<a href='https://voyant-tools.org/?corpus=6225c611bee5550e02b802451aea9429'>Brock University</a>,health and wellness #5,Brock University: Access and Equity,545,6%,3,40%,25.8,indigenous,mental health,Niagara,,,,
Brock University,Research Excellence and Impact,https://voyant-tools.org/?corpus=6633542dff5a6ec6c7c8e3a7c376f010,<a href='https://voyant-tools.org/?corpus=6633542dff5a6ec6c7c8e3a7c376f010'>Brock University</a>,"niagara (region) #2, community #4, youth #6, faculty #27",Brock University: Research Excellence and Impact,1282,15%,3,43%,33.7,Niagara,transdisciplinary,community,hub,,,
Brock University,"Innovation, Economic Development and Community Engagement",https://voyant-tools.org/?corpus=4b7c4cddcb0380ed58b422dbeec9b070,<a href='https://voyant-tools.org/?corpus=4b7c4cddcb0380ed58b422dbeec9b070'>Brock University</a>,"niagara #1 community #3 local #11, health #4, opportunities #12","Brock University: Innovation, Economic Development and Community Engagement",1228,14%,3,41%,28.6,Niagara,community,local,health,,,
Carleton University,"Vision, Mission and Mandate",https://voyant-tools.org/?corpus=3c9682a13f19d8675b7fb3e35aa4da2b,<a href='https://voyant-tools.org/?corpus=3c9682a13f19d8675b7fb3e35aa4da2b'>Carleton University</a>,"Region #2, Research #6","Carleton University: Vision, Mission and Mandate",643,5%,5,44%,33.8,capital region,hub,research,,,,
Carleton University,Student Experience,https://voyant-tools.org/?corpus=4b4c4342446cf0e0b7330324dd1f7cb8,<a href='https://voyant-tools.org/?corpus=4b4c4342446cf0e0b7330324dd1f7cb8'>Carleton University</a>,opportunities #7,Carleton University: Student Experience,1291,11%,8,36%,35.9,regional,experiential,co-curricular,opportunities,,,
Carleton University,Innovation in Teaching and Learning Excellence,https://voyant-tools.org/?corpus=008fa16e2eaa9d152e8464746dc0c419,<a href='https://voyant-tools.org/?corpus=008fa16e2eaa9d152e8464746dc0c419'>Carleton University</a>,"students #1, faculty #3, design #9",Carleton University: Innovation in Teaching and Learning Excellence,1177,10%,3,41%,49,research,high impact practices,community,experiential ,,,
Carleton University,Access and Equity,https://voyant-tools.org/?corpus=9d7891fa6492329d2559b5572386788f,<a href='https://voyant-tools.org/?corpus=9d7891fa6492329d2559b5572386788f'>Carleton University</a>,"disabilities #6, (aboriginal) #5 indigenous #33,  ",Carleton University: Access and Equity,1437,12%,3,40%,35.9,aboriginal,entrepreneurial,,,,,
Carleton University,Research Excellence and Impact,https://voyant-tools.org/?corpus=2da5e9cf37dd97d9514a7476e81a9e8c,<a href='https://voyant-tools.org/?corpus=2da5e9cf37dd97d9514a7476e81a9e8c'>Carleton University</a>,"students #36, funding #6, partners #8",Carleton University: Research Excellence and Impact,1922,16%,11,37%,48,global,partnerships,engineering,funding,STEM,,
Carleton University,"Innovation, Economic Development and Community Engagement",https://voyant-tools.org/?corpus=b72d6c5a0c7fc4d553b64c46a1edafa0,<a href='https://voyant-tools.org/?corpus=b72d6c5a0c7fc4d553b64c46a1edafa0'>Carleton University</a>,almost everything wihin norms,"Carleton University: Innovation, Economic Development and Community Engagement",1611,14%,3,36%,36.6,community,research,entrepreneurial,,,,
Lakehead University,"Vision, Mission and Mandate",https://voyant-tools.org/?corpus=39d1e26919f941677da86f06fdb76106,<a href='https://voyant-tools.org/?corpus=39d1e26919f941677da86f06fdb76106'>Lakehead University</a>,"Development #4, research #26","Lakehead University: Vision, Mission and Mandate",630,4%,5,44%,42,students,research,indigenous,learning,economic development,northern,
Lakehead University,Student Experience,https://voyant-tools.org/?corpus=a82388a1f935f1d9b0824ab97614140f,<a href='https://voyant-tools.org/?corpus=a82388a1f935f1d9b0824ab97614140f'>Lakehead University</a>,employment #10,Lakehead University: Student Experience,1600,10%,5,39%,27.6,student-focused,employment,retention,,,,
Lakehead University,Innovation in Teaching and Learning Excellence,https://voyant-tools.org/?corpus=bd6c04d9271b58ffd253253083a002e0,<a href='https://voyant-tools.org/?corpus=bd6c04d9271b58ffd253253083a002e0'>Lakehead University</a>,"faculty #5, lots on law program",Lakehead University: Innovation in Teaching and Learning Excellence,3396,21%,10,30%,34,law-school,student-focused,research,experiential ,community,,
Lakehead University,Access and Equity,https://voyant-tools.org/?corpus=473a3483fcbf506acf6b9894e4245e7d,<a href='https://voyant-tools.org/?corpus=473a3483fcbf506acf6b9894e4245e7d'>Lakehead University</a>,"northwestern #7, generation (first) #8, (aboriginal) #11 indigenous #5,  ",Lakehead University: Access and Equity,2368,14%,8,34%,32.9,northern,northwestern,indigenous,first-generation,,,
Lakehead University,Research Excellence and Impact,https://voyant-tools.org/?corpus=b0a2eb28bf294eb57986e8fcc856db75,<a href='https://voyant-tools.org/?corpus=b0a2eb28bf294eb57986e8fcc856db75'>Lakehead University</a>,"northwestern #7, generation (first) #8, (aboriginal) #11 indigenous #5, faculty #19",Lakehead University: Research Excellence and Impact,1976,12%,10,32%,33.5,graduate programs,opportunities,international,training,,,
Lakehead University,"Innovation, Economic Development and Community Engagement",https://voyant-tools.org/?corpus=007936452dbc5c897ace02eb0ae0080a,<a href='https://voyant-tools.org/?corpus=007936452dbc5c897ace02eb0ae0080a'>Lakehead University</a>,"development #1, economic #2, industry #3, lakehead (university) #5, community #6, partners #8","Lakehead University: Innovation, Economic Development and Community Engagement",1361,8%,5,37%,35.8,economic development,research,industry,community,partnerships ,,
Laurentian University,"Vision, Mission and Mandate",https://voyant-tools.org/?corpus=e6c79a196cc463cbdabe005a1e292b54,<a href='https://voyant-tools.org/?corpus=e6c79a196cc463cbdabe005a1e292b54'>Laurentian University</a>,"Aspirations #3, ","Laurentian University: Vision, Mission and Mandate",343,4%,2,55%,28.6,French,university-of-choice,partners,indigenous,,,
Laurentian University,Student Experience,https://voyant-tools.org/?corpus=28c4259db3cbc9df296b7c86e06879de,<a href='https://voyant-tools.org/?corpus=28c4259db3cbc9df296b7c86e06879de'>Laurentian University</a>,"faculty #10, lots of faculty students and staff",Laurentian University: Student Experience,901,11%,3,45%,37.5,learning,experiential,student-focused,,,,
Laurentian University,Innovation in Teaching and Learning Excellence,https://voyant-tools.org/?corpus=2b9f46a16acfbdb3afe22962c3b359ae,<a href='https://voyant-tools.org/?corpus=2b9f46a16acfbdb3afe22962c3b359ae'>Laurentian University</a>,focus on AACSB accredidation and the business program,Laurentian University: Innovation in Teaching and Learning Excellence,1024,12%,3,44%,64,business,learning outcomes,retention,technology,,,
Laurentian University,Access and Equity,https://voyant-tools.org/?corpus=08f86ea0975e2bfb0805a8b81763fdfd,<a href='https://voyant-tools.org/?corpus=08f86ea0975e2bfb0805a8b81763fdfd'>Laurentian University</a>,"indigenous #2 nations (first) #8, community #12 (global #16), diversity #13",Laurentian University: Access and Equity,1101,13%,3,42%,32.4,French,indigenous,research,non-traditional learners,,,
Laurentian University,Research Excellence and Impact,https://voyant-tools.org/?corpus=6729212c60dcba4ab7bac8a4356fe343,<a href='https://voyant-tools.org/?corpus=6729212c60dcba4ab7bac8a4356fe343'>Laurentian University</a>,"execellence #6, sciences #8",Laurentian University: Research Excellence and Impact,889,11%,3,48%,38.7,sciences,environment,impact,indigenous,,,
Laurentian University,"Innovation, Economic Development and Community Engagement",https://voyant-tools.org/?corpus=0e74644b58f01d6f5a4ba20cb5c7ab83,<a href='https://voyant-tools.org/?corpus=0e74644b58f01d6f5a4ba20cb5c7ab83'>Laurentian University</a>,"development #4, community #5, northern #6, science #9, leadership #10","Laurentian University: Innovation, Economic Development and Community Engagement",1173,14%,3,43%,35.5,community,environment,science,northern,,,
McMaster University,"Vision, Mission and Mandate",https://voyant-tools.org/?corpus=42e718fe47a2d35bebb900516c9e30da,<a href='https://voyant-tools.org/?corpus=42e718fe47a2d35bebb900516c9e30da'>McMaster University</a>,"Health #3,","McMaster University: Vision, Mission and Mandate",462,6%,4,52%,22,research,indigenous,access,learning,,,
McMaster University,Student Experience,https://voyant-tools.org/?corpus=ffe36574df50c76a85ebfcdf9ff144cb,<a href='https://voyant-tools.org/?corpus=ffe36574df50c76a85ebfcdf9ff144cb'>McMaster University</a>,research #7,McMaster University: Student Experience,988,14%,8,44%,65.9,intellectual,interdisciplinary,student-centered,,,,
McMaster University,Innovation in Teaching and Learning Excellence,https://voyant-tools.org/?corpus=95bbf3dd60d44155ebbd4407473950a5,<a href='https://voyant-tools.org/?corpus=95bbf3dd60d44155ebbd4407473950a5'>McMaster University</a>,"experiential #7, research #11",McMaster University: Innovation in Teaching and Learning Excellence,844,12%,6,48%,60.3,experiential,problem-based learning,examples,,,,
McMaster University,Access and Equity,https://voyant-tools.org/?corpus=716ddebf7c74808400a48704137516a8,<a href='https://voyant-tools.org/?corpus=716ddebf7c74808400a48704137516a8'>McMaster University</a>,"community #7, ",McMaster University: Access and Equity,1026,14%,7,46%,51.3,indigenous,diversity,pathways,,,,
McMaster University,Research Excellence and Impact,https://voyant-tools.org/?corpus=60d9c50ec51fa94cab9cd99c8cf674c8,<a href='https://voyant-tools.org/?corpus=60d9c50ec51fa94cab9cd99c8cf674c8'>McMaster University</a>,"world (rank) #3, health #11",McMaster University: Research Excellence and Impact,861,12%,6,39%,123,funding,rankings,examples,research-focus,,,
McMaster University,"Innovation, Economic Development and Community Engagement",https://voyant-tools.org/?corpus=06e93c1ba64e0d05d00de095d3d2d2d6,<a href='https://voyant-tools.org/?corpus=06e93c1ba64e0d05d00de095d3d2d2d6'>McMaster University</a>,"health #5, students #0, economic #0, development #17","McMaster University: Innovation, Economic Development and Community Engagement",835,12%,6,50%,92.8,community,Hamilton,research,partnerships,,,
Nipissing University,"Vision, Mission and Mandate",https://voyant-tools.org/?corpus=eeed78ed762fb169968f6da7e5ee3009,<a href='https://voyant-tools.org/?corpus=eeed78ed762fb169968f6da7e5ee3009'>Nipissing University</a>,indegenous #9,"Nipissing University: Vision, Mission and Mandate",818,10%,5,43%,22.1,life-long learning,northern,indigenous,public-sector,,,
Nipissing University,Student Experience,https://voyant-tools.org/?corpus=8f330fa57bf9d4a46842f77baaf58365,<a href='https://voyant-tools.org/?corpus=8f330fa57bf9d4a46842f77baaf58365'>Nipissing University</a>,"experience #6 (split between student exp. and exp. Learning, exp* 13 instances)",Nipissing University: Student Experience,1063,13%,3,43%,32.2,student-focused,undergraduate,opportunities,good student experience,,,
Nipissing University,Innovation in Teaching and Learning Excellence,https://voyant-tools.org/?corpus=a5c8aa024b91d93017a8d787d276ecdc,<a href='https://voyant-tools.org/?corpus=a5c8aa024b91d93017a8d787d276ecdc'>Nipissing University</a>,"teaching #14, ",Nipissing University: Innovation in Teaching and Learning Excellence,1188,15%,3,42%,36,positive impact,health-care,opportunities,,,,
Nipissing University,Access and Equity,https://voyant-tools.org/?corpus=716ddebf7c74808400a48704137516a8,<a href='https://voyant-tools.org/?corpus=716ddebf7c74808400a48704137516a8'>Nipissing University</a>,"students #1, indigenous #2 (aboriginal #6), above Nipissing #4 and university #3",Nipissing University: Access and Equity,1559,19%,3,36%,31.2,indigenous,student-focused,non-traditional learners,,,,
Nipissing University,Research Excellence and Impact,https://voyant-tools.org/?corpus=87116a5d05641f51ad7aba44ed7cd109,<a href='https://voyant-tools.org/?corpus=87116a5d05641f51ad7aba44ed7cd109'>Nipissing University</a>,"funding #5, ",Nipissing University: Research Excellence and Impact,939,12%,3,42%,26.8,research,funding,graduate programs,health,,,
Nipissing University,"Innovation, Economic Development and Community Engagement",https://voyant-tools.org/?corpus=1679646a3179f0efd585171fc7d3c073,<a href='https://voyant-tools.org/?corpus=1679646a3179f0efd585171fc7d3c073'>Nipissing University</a>,"film #6, northern #7, agriculture #9","Nipissing University: Innovation, Economic Development and Community Engagement",484,6%,3,50%,32.3,community,local,northern,partnerships,,,
OCADu,"Vision, Mission and Mandate",https://voyant-tools.org/?corpus=61fc0f88eeb20bc2af69ef04500b9a0f,<a href='https://voyant-tools.org/?corpus=61fc0f88eeb20bc2af69ef04500b9a0f'>OCADu</a>,"Design #3, Art #4 (no college), knowledge #6","OCADu: Vision, Mission and Mandate",1441,18%,5,37%,28.3,design,student-focused,inspirational,creative,,,
OCADu,Student Experience,https://voyant-tools.org/?corpus=dc792dc416908e46224e1f787753c248,<a href='https://voyant-tools.org/?corpus=dc792dc416908e46224e1f787753c248'>OCADu</a>,"campus #3, creative city campus, ",OCADu: Student Experience,469,6%,5,52%,33.5,campus,retention,studio,wellness,,,
OCADu,Innovation in Teaching and Learning Excellence,https://voyant-tools.org/?corpus=18d272d4f101b66794608d0e4069b556,<a href='https://voyant-tools.org/?corpus=18d272d4f101b66794608d0e4069b556'>OCADu</a>,"opprotunities #5, design #6, work #8",OCADu: Innovation in Teaching and Learning Excellence,931,12%,8,43%,46.5,design,opportunities,experiential,work-integrated,,,
OCADu,Access and Equity,https://voyant-tools.org/?corpus=43190ff346c6f5d324fb97df78569fef,<a href='https://voyant-tools.org/?corpus=43190ff346c6f5d324fb97df78569fef'>OCADu</a>,"indigenous #1, including indigenous knowing (#9)",OCADu: Access and Equity,830,11%,5,45%,30.7,indigenous,STEM,,,,,
OCADu,Research Excellence and Impact,https://voyant-tools.org/?corpus=3a18784f7ba6694963c46521a14897a3,<a href='https://voyant-tools.org/?corpus=3a18784f7ba6694963c46521a14897a3'>OCADu</a>,"Design #3, Art #9 (no college), innovation #6, partners #7, economic #10, no health",OCADu: Research Excellence and Impact,854,11%,6,43%,34.2,design,grow research,,,,,
OCADu,"Innovation, Economic Development and Community Engagement",https://voyant-tools.org/?corpus=4e6c3e4717adb2fec2387e6068b4a2cf,<a href='https://voyant-tools.org/?corpus=4e6c3e4717adb2fec2387e6068b4a2cf'>OCADu</a>,"design #2, catalyst #3, imagination#4, partners #7","OCADu: Innovation, Economic Development and Community Engagement",779,10%,5,47%,30,imagination,research,catalyst,campus,,,
Queen's University,"Vision, Mission and Mandate",https://voyant-tools.org/?corpus=5fd5c725c525c0a5a754f53c5a9ab82c,<a href='https://voyant-tools.org/?corpus=5fd5c725c525c0a5a754f53c5a9ab82c'>Queen's University</a>,"excpetional #6, excellence #11","Queen's University: Vision, Mission and Mandate",610,6%,2,49%,43.6,research,learning,innovation,unique,lists,,
Queen's University,Student Experience,https://voyant-tools.org/?corpus=3d7c0badbe9603f1f6fc2c8bd25488b7,<a href='https://voyant-tools.org/?corpus=3d7c0badbe9603f1f6fc2c8bd25488b7'>Queen's University</a>,success #12,Queen's University: Student Experience,1456,14%,7,37%,58.2,highest,student success,research,retention,,,
Queen's University,Innovation in Teaching and Learning Excellence,https://voyant-tools.org/?corpus=6b3602d011112c10266dbdba034fcfa4,<a href='https://voyant-tools.org/?corpus=6b3602d011112c10266dbdba034fcfa4'>Queen's University</a>,"inquiry #3 (spirit of), enguagement #8",Queen's University: Innovation in Teaching and Learning Excellence,1600,15%,7,39%,34.8,inquiry,online,interdisciplinary,,links,outcomes,
Queen's University,Access and Equity,https://voyant-tools.org/?corpus=8173c7ec8bd2156a27854a4161f52dc6,<a href='https://voyant-tools.org/?corpus=8173c7ec8bd2156a27854a4161f52dc6'>Queen's University</a>,Near identical with synonyms,Queen's University: Access and Equity,1351,13%,6,38%,32.2,indigenous,pathways,student-focused,,,,
Queen's University,Research Excellence and Impact,https://voyant-tools.org/?corpus=48b1a65b7e7da2085e623935f10b77e3,<a href='https://voyant-tools.org/?corpus=48b1a65b7e7da2085e623935f10b77e3'>Queen's University</a>,"canada #3 (31 references to canad*), students #43, cancer #13, health #14, excellence #9",Queen's University: Research Excellence and Impact,1349,13%,6,38%,45,research,research centers,funding,national significance,med-sci,,
Queen's University,"Innovation, Economic Development and Community Engagement",https://voyant-tools.org/?corpus=b0266fd2cc21976047b2c5c58961e587,<a href='https://voyant-tools.org/?corpus=b0266fd2cc21976047b2c5c58961e587'>Queen's University</a>,"innovation #1, kingston #3 / community #10, ","Queen's University: Innovation, Economic Development and Community Engagement",1179,11%,6,40%,45.3,innovation,commercialization and tech transfer,examples,industry,,,
Ryerson University,"Vision, Mission and Mandate",https://voyant-tools.org/?corpus=27905fd584113a35e73cf60452423356,<a href='https://voyant-tools.org/?corpus=27905fd584113a35e73cf60452423356'>Ryerson University</a>,market #6,"Ryerson University: Vision, Mission and Mandate",1021,11%,7,40%,26.2,learning,innovation,community,research,students,zones,
Ryerson University,Student Experience,https://voyant-tools.org/?corpus=9d305ed8d11f3c12c380dd0f38cba420,<a href='https://voyant-tools.org/?corpus=9d305ed8d11f3c12c380dd0f38cba420'>Ryerson University</a>,"lots or programs and initiatives, opportunities #11",Ryerson University: Student Experience,1170,12%,7,40%,36.6,student-focused,opportunities,Labour market information,law school,,,
Ryerson University,Innovation in Teaching and Learning Excellence,https://voyant-tools.org/?corpus=184b63bbe9b607eaa7f18e5fa5c19741,<a href='https://voyant-tools.org/?corpus=184b63bbe9b607eaa7f18e5fa5c19741'>Ryerson University</a>,"career #10, ",Ryerson University: Innovation in Teaching and Learning Excellence,896,10%,6,42%,27.2,learning,experiential,teaching,opportunities,zones,,
Ryerson University,Access and Equity,https://voyant-tools.org/?corpus=f2350aaabb7012aa2d939b50cc22f2b6,<a href='https://voyant-tools.org/?corpus=f2350aaabb7012aa2d939b50cc22f2b6'>Ryerson University</a>,"indigenous #7, disabilities #18",Ryerson University: Access and Equity,1311,14%,6,41%,34.5,atypical education,indigenous,community,student success,student engagement,,
Ryerson University,Research Excellence and Impact,https://voyant-tools.org/?corpus=e06f3f4ba4d4d93ede5d7b2b0663cb92,<a href='https://voyant-tools.org/?corpus=e06f3f4ba4d4d93ede5d7b2b0663cb92'>Ryerson University</a>,"industry #4, funding #6, creative #7, infrastructure (research) #8, economic #12",Ryerson University: Research Excellence and Impact,1218,13%,6,40%,31.2,innovation,industry,funding,infrastructure,partnerships ,,
Ryerson University,"Innovation, Economic Development and Community Engagement",https://voyant-tools.org/?corpus=08cdeea0377409b213bf98fb88bbee74,<a href='https://voyant-tools.org/?corpus=08cdeea0377409b213bf98fb88bbee74'>Ryerson University</a>,"zone #4, engauagement #5, social (innovation/change) #11, faculty #12","Ryerson University: Innovation, Economic Development and Community Engagement",1253,13%,5,43%,27.8,community,engagement,innovation,zones,Toronto,,
Trent University,"Vision, Mission and Mandate",https://voyant-tools.org/?corpus=89a4c2f31c2cfce419d12b67afb2b462,<a href='https://voyant-tools.org/?corpus=89a4c2f31c2cfce419d12b67afb2b462'>Trent University</a>,"learning #2, community #5","Trent University: Vision, Mission and Mandate",702,7%,4,44%,46.8,list,research,community,regions,students,,
Trent University,Student Experience,https://voyant-tools.org/?corpus=661b5454b1ac115b65451cb4f91c4e2b,<a href='https://voyant-tools.org/?corpus=661b5454b1ac115b65451cb4f91c4e2b'>Trent University</a>,"international #7, campus #8",Trent University: Student Experience,1301,13%,16,41%,31,campus experience,community,indigenous,retention,student experience,clever acronyms,
Trent University,Innovation in Teaching and Learning Excellence,https://voyant-tools.org/?corpus=6fad30c4445278680e78ecf20975cb9e,<a href='https://voyant-tools.org/?corpus=6fad30c4445278680e78ecf20975cb9e'>Trent University</a>,"community #8, co-op",Trent University: Innovation in Teaching and Learning Excellence,1677,17%,15,36%,28.9,teaching,learning,research,experiential ,community,,
Trent University,Access and Equity,https://voyant-tools.org/?corpus=89053331f14907439711c4c3f54f2e16,<a href='https://voyant-tools.org/?corpus=89053331f14907439711c4c3f54f2e16'>Trent University</a>,"international #5, generation (first) #9, camp (Camp fYrefly is Canada’s only national leadership retreat for LGBTQ) #12",Trent University: Access and Equity,997,10%,12,42%,26.2,student-focused,support equity-seeking groups,international programs,,,,
Trent University,Research Excellence and Impact,https://voyant-tools.org/?corpus=14d8e8161947099fa987cfde4cd33bce,<a href='https://voyant-tools.org/?corpus=14d8e8161947099fa987cfde4cd33bce'>Trent University</a>,"enviromental #6, scienes #11, water #12, indigenous #14",Trent University: Research Excellence and Impact,1240,12%,11,44%,29.5,research,environment,indigenous,water,hub,,
Trent University,"Innovation, Economic Development and Community Engagement",https://voyant-tools.org/?corpus=9c0bda1cb7c2512b282adf51fef40ffc,<a href='https://voyant-tools.org/?corpus=9c0bda1cb7c2512b282adf51fef40ffc'>Trent University</a>,"city #9, students #11, youth #12","Trent University: Innovation, Economic Development and Community Engagement",1282,13%,12,39%,25.1,community,Peterborough,Durham,research,entrepreneurship,,
University de Hearst,"Vision, Mission and Mandate",https://voyant-tools.org/?corpus=cec6f324ed311c8283c0b03df0fbde25,<a href='https://voyant-tools.org/?corpus=cec6f324ed311c8283c0b03df0fbde25'>University de Hearst</a>,"pedagogical #6, model and courses high because of block model","University de Hearst: Vision, Mission and Mandate",810,#N/A,4,45%,26.1,northern,northeastern,French,block system delivery,community,,
Université de Hearst,Student Experience,https://voyant-tools.org/?corpus=e1910b5182f5cc20c03d23a38db84a84,<a href='https://voyant-tools.org/?corpus=e1910b5182f5cc20c03d23a38db84a84'>Université de Hearst</a>,"high #9 (high degree, high standards),teaching #8",Université de Hearst: Student Experience,923,11%,4,41%,38.5,student-focused,block system delivery,,,,,
Université de Hearst,Innovation in Teaching and Learning Excellence,https://voyant-tools.org/?corpus=18eab36b819cee4b7514f96b12d853ea,<a href='https://voyant-tools.org/?corpus=18eab36b819cee4b7514f96b12d853ea'>Université de Hearst</a>,"world #6, block #11",Université de Hearst: Innovation in Teaching and Learning Excellence,1499,18%,7,36%,30.6,international,learning,work placements,travel,,,
Université de Hearst,Access and Equity,https://voyant-tools.org/?corpus=1a12de67bf19abe90cc22eb24df72fad,<a href='https://voyant-tools.org/?corpus=1a12de67bf19abe90cc22eb24df72fad'>Université de Hearst</a>," aboriginal #10  (indigenous), french #12",Université de Hearst: Access and Equity,832,10%,3,41%,30.8,student-focused,accessibility,MTCU collaboration,,,,
Université de Hearst,Research Excellence and Impact,https://voyant-tools.org/?corpus=9fc1269e7c10c3ea24ec2f71f75941b5,<a href='https://voyant-tools.org/?corpus=9fc1269e7c10c3ea24ec2f71f75941b5'>Université de Hearst</a>,"community #6, campuses #9",Université de Hearst: Research Excellence and Impact,516,6%,3,52%,46.9,faculty,interdisciplinary,community,research,,,
Université de Hearst,"Innovation, Economic Development and Community Engagement",https://voyant-tools.org/?corpus=e927a86937f25c85b839464d3cca9263,<a href='https://voyant-tools.org/?corpus=e927a86937f25c85b839464d3cca9263'>Université de Hearst</a>,"initiatives #1, development #3, ","Université de Hearst: Innovation, Economic Development and Community Engagement",578,7%,3,48%,30,community,initiatives,region,,,,
University of Guelph,"Vision, Mission and Mandate",https://voyant-tools.org/?corpus=4675603575c1cfa1695ab2f4bd949170,<a href='https://voyant-tools.org/?corpus=4675603575c1cfa1695ab2f4bd949170'>University of Guelph</a>,"sciences #3, community #4, largest agriculture","University of Guelph: Vision, Mission and Mandate",801,8%,4,46%,19.1,student-focused,research,learning & inquiry,food,health,,
University of Guelph,Student Experience,https://voyant-tools.org/?corpus=325387f079c01d357cf16006d40f0cdb,<a href='https://voyant-tools.org/?corpus=325387f079c01d357cf16006d40f0cdb'>University of Guelph</a>,"describes various centres (#7), engagement #12",University of Guelph: Student Experience,1079,10%,7,42%,49,student-focused,learning,positive student outcomes,innovative spaces,entrepreneurship,,
University of Guelph,Innovation in Teaching and Learning Excellence,https://voyant-tools.org/?corpus=fb86541f7d4bf038f318e48ff550faa0,<a href='https://voyant-tools.org/?corpus=fb86541f7d4bf038f318e48ff550faa0'>University of Guelph</a>,"opportunities #6, graduate #11, high impact practices #12",University of Guelph: Innovation in Teaching and Learning Excellence,1749,17%,7,37%,48,forms or learning,opportunities,research,experiential ,,,
University of Guelph,Access and Equity,https://voyant-tools.org/?corpus=cdba0aaf1fa88c6bdb2ec0a070ad64e5,<a href='https://voyant-tools.org/?corpus=cdba0aaf1fa88c6bdb2ec0a070ad64e5'>University of Guelph</a>,quality (Matters) #8,University of Guelph: Access and Equity,1314,12%,7,40%,33.7,aboriginal,quality,pathways,,,,
University of Guelph,Research Excellence and Impact,https://voyant-tools.org/?corpus=91e030a187df637492fe52d0136501bc,<a href='https://voyant-tools.org/?corpus=91e030a187df637492fe52d0136501bc'>University of Guelph</a>,"health #2, food #3, partnership #7",University of Guelph: Research Excellence and Impact,2112,20%,9,36%,31.1,research,health,food,funding,indigenous ,animal,defiant
University of Guelph,"Innovation, Economic Development and Community Engagement",https://voyant-tools.org/?corpus=0f3fc890048c3399129ce4552a5fd988,<a href='https://voyant-tools.org/?corpus=0f3fc890048c3399129ce4552a5fd988'>University of Guelph</a>,"food #1, students #2, industry #4, agri*#6, global #7","University of Guelph: Innovation, Economic Development and Community Engagement",946,9%,7,46%,47.3,research,student-focused,food,innovation,global,partnerships,
University of Ottawa,"Vision, Mission and Mandate",https://voyant-tools.org/?corpus=b1eec40915f8ff61e2729252c51e176d,<a href='https://voyant-tools.org/?corpus=b1eec40915f8ff61e2729252c51e176d'>University of Ottawa</a>,"French #3, development #4","University of Ottawa: Vision, Mission and Mandate",777,7%,5,42%,28.8,research,French,international,community,transformative,,
University of Ottawa,Student Experience,https://voyant-tools.org/?corpus=2c6a452c4f7f78debd84bfa1c09a6655,<a href='https://voyant-tools.org/?corpus=2c6a452c4f7f78debd84bfa1c09a6655'>University of Ottawa</a>,"development #5, ",University of Ottawa: Student Experience,1531,13%,7,38%,58.9,student-focused,opportunities,professional designations,research,infrastructure,admin support,lists
University of Ottawa,Innovation in Teaching and Learning Excellence,https://voyant-tools.org/?corpus=17c484b6b5a9d080d1cc34e7222e1e9a,<a href='https://voyant-tools.org/?corpus=17c484b6b5a9d080d1cc34e7222e1e9a'>University of Ottawa</a>,"community #8, international #11",University of Ottawa: Innovation in Teaching and Learning Excellence,1396,12%,3,40%,55.8,student-focused,community,research,examples,teaching chairs,,
University of Ottawa,Access and Equity,https://voyant-tools.org/?corpus=0cc9b1f5b32239a62c822465d3e92456,<a href='https://voyant-tools.org/?corpus=0cc9b1f5b32239a62c822465d3e92456'>University of Ottawa</a>,"french #6, health #10",University of Ottawa: Access and Equity,1063,9%,6,42%,39.4,indigenous,French,,,,,
University of Ottawa,Research Excellence and Impact,https://voyant-tools.org/?corpus=8e963085ea24cd21d77350f88a950ee7,<a href='https://voyant-tools.org/?corpus=8e963085ea24cd21d77350f88a950ee7'>University of Ottawa</a>,"institute (21 institut*) #4, international #5, researchers #10 (faculty #29), ",University of Ottawa: Research Excellence and Impact,1737,15%,5,36%,28,research,international,health,top rank,institutes,,
University of Ottawa,"Innovation, Economic Development and Community Engagement",https://voyant-tools.org/?corpus=4eb1dce8592fab24e540697557171350,<a href='https://voyant-tools.org/?corpus=4eb1dce8592fab24e540697557171350'>University of Ottawa</a>,"enterpreneurship #4, french #12","University of Ottawa: Innovation, Economic Development and Community Engagement",1287,11%,5,44%,47.7,community,entrepreneurial,innovation,French,,,
University of Toronto,"Vision, Mission and Mandate",https://voyant-tools.org/?corpus=7bba2e9762381740abae0602eb232a9a,<a href='https://voyant-tools.org/?corpus=7bba2e9762381740abae0602eb232a9a'>University of Toronto</a>,"global(y) in #4 & #7, research #1 university #2 (flip), leadership #9","University of Toronto: Vision, Mission and Mandate",414,6%,2,52%,51.8,research,succinct,innovation,top rank,global,lists,
University of Toronto,Student Experience,https://voyant-tools.org/?corpus=f6f06076ad348cd6c32a14a9e3c82fd2,<a href='https://voyant-tools.org/?corpus=f6f06076ad348cd6c32a14a9e3c82fd2'>University of Toronto</a>,"sexual #3 violence and harassment, international #5",University of Toronto: Student Experience,594,8%,7,43%,49.5,student experience,curriculum,reimagine undergraduate ,international,,,
University of Toronto,Innovation in Teaching and Learning Excellence,https://voyant-tools.org/?corpus=b0a1ab68619bf44a8b17d4d05a41e54f,<a href='https://voyant-tools.org/?corpus=b0a1ab68619bf44a8b17d4d05a41e54f'>University of Toronto</a>,"undergraduate #5, faculty #7, curriculum #11",University of Toronto: Innovation in Teaching and Learning Excellence,920,13%,8,41%,36.8,research,learning,undergraduate ,opportunities,experiential,,
University of Toronto,Access and Equity,https://voyant-tools.org/?corpus=d9b439d4302e57d2f7295a6a045021a2,<a href='https://voyant-tools.org/?corpus=d9b439d4302e57d2f7295a6a045021a2'>University of Toronto</a>,"faculty #6, communities #8 (underrepresented, indigenous, diverse)",University of Toronto: Access and Equity,811,11%,7,42%,38.6,indigenous,black students,diversity,community,,,
University of Toronto,Research Excellence and Impact,https://voyant-tools.org/?corpus=dae9ce2a8a6e8af782d52d607a854b79,<a href='https://voyant-tools.org/?corpus=dae9ce2a8a6e8af782d52d607a854b79'>University of Toronto</a>,"researchers #5, top #7, humanities #11, medicine #14",University of Toronto: Research Excellence and Impact,1072,15%,9,42%,38.6,research,humanities,top rank,innovation,institutes,succinct,
University of Toronto,"Innovation, Economic Development and Community Engagement",https://voyant-tools.org/?corpus=a4e9a64ce4f1849e3ca51b6fa12136cf,<a href='https://voyant-tools.org/?corpus=a4e9a64ce4f1849e3ca51b6fa12136cf'>University of Toronto</a>,"partnership #5, community #7, computing #8, sustainability #11","University of Toronto: Innovation, Economic Development and Community Engagement",1302,18%,9,39%,33.4,innovation,partnerships,community,computing,sustainability,,
University of Waterloo,"Vision, Mission and Mandate",https://voyant-tools.org/?corpus=c9fdb9f72b0c8557a6feba2886951c5c,<a href='https://voyant-tools.org/?corpus=c9fdb9f72b0c8557a6feba2886951c5c'>University of Waterloo</a>,experience #6,"University of Waterloo: Vision, Mission and Mandate",596,6%,4,47%,31.4,student-focused,research,top rank,transformative education,opportunities,innovation,
University of Waterloo,Student Experience,https://voyant-tools.org/?corpus=12c6547adad7c750b6978d67a0d001b8,<a href='https://voyant-tools.org/?corpus=12c6547adad7c750b6978d67a0d001b8'>University of Waterloo</a>,"campus #5 community #7 - both as in campus groups, faculty #9",University of Waterloo: Student Experience,876,9%,4,42%,30.2,student-focused,community,technology,student experience,campus,,
University of Waterloo,Innovation in Teaching and Learning Excellence,https://voyant-tools.org/?corpus=1c49118404623746b5a9c6eaa3875eb0,<a href='https://voyant-tools.org/?corpus=1c49118404623746b5a9c6eaa3875eb0'>University of Waterloo</a>,"co-op #2, work #4, experience #11",University of Waterloo: Innovation in Teaching and Learning Excellence,1393,14%,6,38%,31,co-op,student experience,experience,work-integrated,community,examples,
University of Waterloo,Access and Equity,https://voyant-tools.org/?corpus=ad147180223612e1309547c945c378a1,<a href='https://voyant-tools.org/?corpus=ad147180223612e1309547c945c378a1'>University of Waterloo</a>,"online #5, technology #8, opportunities #13",University of Waterloo: Access and Equity,1453,15%,8,40%,34.6,online,support equity-seeking groups,,technology,opportunities,,
University of Waterloo,Research Excellence and Impact,https://voyant-tools.org/?corpus=ccf82f8388336d3b396e8555e1acefdf,<a href='https://voyant-tools.org/?corpus=ccf82f8388336d3b396e8555e1acefdf'>University of Waterloo</a>,"world #3, science #5, industry #7, discovery #8",University of Waterloo: Research Excellence and Impact,681,7%,3,48%,27.2,research,world,top rank,new initiatives,science,discovery,
University of Waterloo,"Innovation, Economic Development and Community Engagement",https://voyant-tools.org/?corpus=035ec8d44909823344309b68a2ec37c1,<a href='https://voyant-tools.org/?corpus=035ec8d44909823344309b68a2ec37c1'>University of Waterloo</a>,"velocity #2, entrepreneuship #3, startups #10","University of Waterloo: Innovation, Economic Development and Community Engagement",1293,13%,8,41%,29.4,community,entrepreneurial,startups,innovation,waterloo,,
University of Windsor,"Vision, Mission and Mandate",https://voyant-tools.org/?corpus=201fa29194e8ac6527f746f091245886,<a href='https://voyant-tools.org/?corpus=201fa29194e8ac6527f746f091245886'>University of Windsor</a>,"world #4, commitment ___ used a lot","University of Windsor: Vision, Mission and Mandate",1069,6%,4,37%,31.4,student-focused,progressive,community,history,Windsor,international,
University of Windsor,Student Experience,https://voyant-tools.org/?corpus=6fae1eeccbbb0158195e6780103c85ef,<a href='https://voyant-tools.org/?corpus=6fae1eeccbbb0158195e6780103c85ef'>University of Windsor</a>,"campus #4 focused - services, community, etc., many programs #9",University of Windsor: Student Experience,1887,11%,9,38%,35.6,innovation,campus,health and wellness,community,,,
University of Windsor,Innovation in Teaching and Learning Excellence,https://voyant-tools.org/?corpus=3091d4431f272cdb9d90a0989ef5c13b,<a href='https://voyant-tools.org/?corpus=3091d4431f272cdb9d90a0989ef5c13b'>University of Windsor</a>,"community #6, innovation #11",University of Windsor: Innovation in Teaching and Learning Excellence,2304,14%,5,34%,30.7,community,international,online,verbose,,,
University of Windsor,Access and Equity,https://voyant-tools.org/?corpus=2a8fc8c2431c2894eb18e3ca7cb9d791,<a href='https://voyant-tools.org/?corpus=2a8fc8c2431c2894eb18e3ca7cb9d791'>University of Windsor</a>,"year (first) #6, faculty #11",University of Windsor: Access and Equity,1561,9%,4,38%,30,student-focused,student success,region,,,,
University of Windsor,Research Excellence and Impact,https://voyant-tools.org/?corpus=65ae6c3e41c2ac002e36b1d6472cbc5a,<a href='https://voyant-tools.org/?corpus=65ae6c3e41c2ac002e36b1d6472cbc5a'>University of Windsor</a>,"border #4, great lakes #5, challenge #13",University of Windsor: Research Excellence and Impact,3497,21%,7,31%,33,research,border,community,lists,innovation,verbose,
University of Windsor,"Innovation, Economic Development and Community Engagement",https://voyant-tools.org/?corpus=c6d4fd3774efc61af3df0b41f94ead0d,<a href='https://voyant-tools.org/?corpus=c6d4fd3774efc61af3df0b41f94ead0d'>University of Windsor</a>,"students #4, campus #5, epicentre #7, ","University of Windsor: Innovation, Economic Development and Community Engagement",2002,12%,7,36%,29.9,community,Windsor,epicenter,campus,innovation,,
UOIT (OTU),"Vision, Mission and Mandate",https://voyant-tools.org/?corpus=176ec5f19aaefc000a7b116069708a8f,<a href='https://voyant-tools.org/?corpus=176ec5f19aaefc000a7b116069708a8f'>UOIT (OTU)</a>,"knowledge #4 - creates applies, economic #8","UOIT (OTU): Vision, Mission and Mandate",620,8%,4,47%,32.6,knowledge,development,technology,learning,innovation,economic growth,
UOIT (OTU),Student Experience,https://voyant-tools.org/?corpus=b826028f544079eb50cface7acd99982,<a href='https://voyant-tools.org/?corpus=b826028f544079eb50cface7acd99982'>UOIT (OTU)</a>,"peer #6 mentors helpers, etc., success #7",UOIT (OTU): Student Experience,1113,14%,3,44%,24.7,student-focused,student success,skills,peer help,,,
UOIT (OTU),Innovation in Teaching and Learning Excellence,https://voyant-tools.org/?corpus=435fdb7c49ff5325b819326f6acce05e,<a href='https://voyant-tools.org/?corpus=435fdb7c49ff5325b819326f6acce05e'>UOIT (OTU)</a>,"online #6, innovative #7, ",UOIT (OTU): Innovation in Teaching and Learning Excellence,918,11%,3,47%,27.8,learning,online,graduate programs,hybrid,innovation,,
UOIT (OTU),Access and Equity,https://voyant-tools.org/?corpus=feeda12f72f0ae4f3d159c175a5f1b43,<a href='https://voyant-tools.org/?corpus=feeda12f72f0ae4f3d159c175a5f1b43'>UOIT (OTU)</a>,"experience #10, indigenous #8",UOIT (OTU): Access and Equity,1107,14%,3,44%,25.7,student-focused,bridging programs,partners,indigenous,,,
UOIT (OTU),Research Excellence and Impact,https://voyant-tools.org/?corpus=1acf1d23fead8a08b4969c7c8ba14eb3,<a href='https://voyant-tools.org/?corpus=1acf1d23fead8a08b4969c7c8ba14eb3'>UOIT (OTU)</a>,"energy #3, laboratory #4, technologies #6, (no health)",UOIT (OTU): Research Excellence and Impact,975,12%,3,47%,32.5,research,energy,laboratory,technology,nuclear,development,
UOIT (OTU),"Innovation, Economic Development and Community Engagement",https://voyant-tools.org/?corpus=9ffe3cfd720708f122ae02291e1622d7,<a href='https://voyant-tools.org/?corpus=9ffe3cfd720708f122ae02291e1622d7'>UOIT (OTU)</a>,"students #1, opportunities #5, international #7","UOIT (OTU): Innovation, Economic Development and Community Engagement",1107,14%,3,44%,25.7,international,entrepreneurial,community,Durham,opportunities,,
Western University,"Vision, Mission and Mandate",https://voyant-tools.org/?corpus=a6e09bd5a7bb1e70095d21bb92685855,<a href='https://voyant-tools.org/?corpus=a6e09bd5a7bb1e70095d21bb92685855'>Western University</a>,"best student experience for ___ (discovery, research, etc)","Western University: Vision, Mission and Mandate",691,7%,4,48%,30,history,top rank,student-focused,research,learning,graduate,
Western University,Student Experience,https://voyant-tools.org/?corpus=b562b9df7d543559deb704ebb0a5cae1,<a href='https://voyant-tools.org/?corpus=b562b9df7d543559deb704ebb0a5cae1'>Western University</a>,"graduate #6, development #8",Western University: Student Experience,1367,14%,5,39%,30.4,research,graduate,work-integrated learning,career,opportunities,student experience,
Western University,Innovation in Teaching and Learning Excellence,https://voyant-tools.org/?corpus=59c32c6dae96eeee273f350da060e934,<a href='https://voyant-tools.org/?corpus=59c32c6dae96eeee273f350da060e934'>Western University</a>,"leadership and experience both around #11, ",Western University: Innovation in Teaching and Learning Excellence,1834,19%,6,36%,28.2,learning,experiential,leadership,skills,professional masters,opportunities,
Western University,Access and Equity,https://voyant-tools.org/?corpus=a1172d547faa58e736a052c2b21ae585,<a href='https://voyant-tools.org/?corpus=a1172d547faa58e736a052c2b21ae585'>Western University</a>,"financial #7, generation (first) #10, indigenous 10",Western University: Access and Equity,1228,12%,8,37%,27.9,student-focused,support equity-seeking groups,indigenous,mentoring,,,
Western University,Research Excellence and Impact,https://voyant-tools.org/?corpus=b8ed9c4f7f1f51c02df4eb51a3f581c4,<a href='https://voyant-tools.org/?corpus=b8ed9c4f7f1f51c02df4eb51a3f581c4'>Western University</a>,"interdisciplinary #2, clusters #6, investment #17, students #19",Western University: Research Excellence and Impact,1449,15%,9,38%,32.2,research,interdisciplinary,clusters,graduate,health,excellence,
Western University,"Innovation, Economic Development and Community Engagement",https://voyant-tools.org/?corpus=5dc30e88c3a5c062deab3fac8d6ef31a,<a href='https://voyant-tools.org/?corpus=5dc30e88c3a5c062deab3fac8d6ef31a'>Western University</a>,"industry #3, partners #5, technology #8","Western University: Innovation, Economic Development and Community Engagement",1295,13%,9,44%,40.5,research,industry,partners,technology,top rank,London,
Wilfrid Laurier University,"Vision, Mission and Mandate",https://voyant-tools.org/?corpus=daa508469092993a0d769f630372b5a0,<a href='https://voyant-tools.org/?corpus=daa508469092993a0d769f630372b5a0'>Wilfrid Laurier University</a>,"development #1 (student related 6, physical plant 1),  ","Wilfrid Laurier University: Vision, Mission and Mandate",373,4%,2,52%,37.3,student-focused,research,succinct,growth,liberal arts,sciences,
Wilfrid Laurier University,Student Experience,https://voyant-tools.org/?corpus=3e7c4481e1e6699f046d8ea09b72c982,<a href='https://voyant-tools.org/?corpus=3e7c4481e1e6699f046d8ea09b72c982'>Wilfrid Laurier University</a>,"career #5, development #6",Wilfrid Laurier University: Student Experience,1280,13%,3,42%,34.6,learning,experiential,community,career,innovation,,
Wilfrid Laurier University,Innovation in Teaching and Learning Excellence,https://voyant-tools.org/?corpus=b052f2039e510807dfc6e9a60c22aac5,<a href='https://voyant-tools.org/?corpus=b052f2039e510807dfc6e9a60c22aac5'>Wilfrid Laurier University</a>,"co-extra curricular #6, innovative #12, no teaching or research",Wilfrid Laurier University: Innovation in Teaching and Learning Excellence,1329,14%,3,39%,36.9,student-focused,experiential,community,entrepreneurial,co-curricular,work-integrated learning,social
Wilfrid Laurier University,Access and Equity,https://voyant-tools.org/?corpus=5974e98c271ccc78b6f2a1374ff36918,<a href='https://voyant-tools.org/?corpus=5974e98c271ccc78b6f2a1374ff36918'>Wilfrid Laurier University</a>,"faculty #6, pathways #13",Wilfrid Laurier University: Access and Equity,1223,13%,3,44%,45.3,indigenous,pathways,non-traditional learners,diversity,,,
Wilfrid Laurier University,Research Excellence and Impact,https://voyant-tools.org/?corpus=b90f05a9f97091592cdfaadbb36885ef,<a href='https://voyant-tools.org/?corpus=b90f05a9f97091592cdfaadbb36885ef'>Wilfrid Laurier University</a>,"community #4, policy #9, water #10, faculty #46, students #166",Wilfrid Laurier University: Research Excellence and Impact,1497,15%,8,35%,38.4,research,health,community,sustainability,water,,
Wilfrid Laurier University,"Innovation, Economic Development and Community Engagement",https://voyant-tools.org/?corpus=dfbfdae0e6412abbeae14b74a8076c5e,<a href='https://voyant-tools.org/?corpus=dfbfdae0e6412abbeae14b74a8076c5e'>Wilfrid Laurier University</a>,"social (innovation  / injustice) #1, companies #9, research #7","Wilfrid Laurier University: Innovation, Economic Development and Community Engagement",1012,10%,5,45%,36.1,innovation,economic,regions,research,industry,waterloo,leaders
York University,"Vision, Mission and Mandate",https://voyant-tools.org/?corpus=562485fb338379c9b8c782622abdbaeb,<a href='https://voyant-tools.org/?corpus=562485fb338379c9b8c782622abdbaeb'>York University</a>,"student #1, global #9, WE used 17 times (Stop word)","York University: Vision, Mission and Mandate",794,6%,5,44%,44.1,affirmational,diversity,research,student-focused,community,learning,innovation
York University,Student Experience,https://voyant-tools.org/?corpus=a41c6e0823de6ca251ea81c6ff9f985b,<a href='https://voyant-tools.org/?corpus=a41c6e0823de6ca251ea81c6ff9f985b'>York University</a>,"program #3 to do stuff etc., ",York University: Student Experience,1384,11%,14,39%,30.8,innovation,quality,student-centered,community,indigenous ,,
York University,Innovation in Teaching and Learning Excellence,https://voyant-tools.org/?corpus=167f8c96b8a05c58219b551d9b49dfe6,<a href='https://voyant-tools.org/?corpus=167f8c96b8a05c58219b551d9b49dfe6'>York University</a>,"faculty #4, experiential #5, ",York University: Innovation in Teaching and Learning Excellence,1602,13%,11,35%,32.7,experiential,opportunities,technology,,,,
York University,Access and Equity,https://voyant-tools.org/?corpus=b93ed367f05da3ea7120fcb25ae56190,<a href='https://voyant-tools.org/?corpus=b93ed367f05da3ea7120fcb25ae56190'>York University</a>,"pathways #7, indigenous #11",York University: Access and Equity,1651,13%,8,37%,39.3,student-focused,pathways,indigenous,international,,,
York University,Research Excellence and Impact,https://voyant-tools.org/?corpus=29acc2f768b35736697c628abeb7a469,<a href='https://voyant-tools.org/?corpus=29acc2f768b35736697c628abeb7a469'>York University</a>,"support #12, leadership #14, faculty #6, global #11 ",York University: Research Excellence and Impact,1730,14%,7,34%,32.6,research,top rank,funding,global,health,,
York University,"Innovation, Economic Development and Community Engagement",https://voyant-tools.org/?corpus=5132a02ab5241355c6f36da3052ae682,<a href='https://voyant-tools.org/?corpus=5132a02ab5241355c6f36da3052ae682'>York University</a>,"innovation #2, entrepreneurs #7, learning #10","York University: Innovation, Economic Development and Community Engagement",2460,19%,11,33%,31.9,innovation,community,entrepreneurial,research,learning,,
